1.651123102050780833e+00,-1.636271009806426235e+01
1.627633143071127497e+00,-6.410241472339204272e+00
1.600100465874624289e+00,-4.255548386796551341e+00
1.540859516698322107e+00,-5.028463601619039380e+00
1.576362351589476019e+00,-1.261763672908580070e+01
1.635201373081346610e+00,-1.157413614485162334e+01
1.575395458399392767e+00,-1.037175346880943572e+01
1.538453894715853032e+00,-6.609571265639442750e+00
-1.896649272598928126e-01,1.499206291925123669e+00
-1.850339546773422494e+00,1.576874533139246637e+00
-2.423792242958268162e+01,1.583310264297129510e+00
-6.731296700053364646e+01,1.837889534190036089e+00
-5.899336556285081912e+01,1.658531554108863659e+00
1.762088069979417471e+00,-3.341276053149146463e+01
1.663290308156270880e+00,-3.644882846374739671e+01
1.761269414786167831e+00,-2.089074195565074277e+01
1.807387536604539990e+00,-3.681198513612968526e+01
1.659193655866662009e+00,-5.135076559032369659e+01
1.684538071425149441e+00,-2.889871862648644907e+01
1.691245028135357487e+00,-3.196180124074108875e+01
1.667748295300324646e+00,-2.405573541625187062e+01
1.615016586785321451e+00,-2.214609886251333748e+01
1.595297621138908717e+00,-9.455373297899834384e+00
-1.139261799512889617e+01,1.520735770276318455e+00
-5.892904606913676702e+01,1.874143880308766441e+00
-5.541460459741345090e+01,1.665619374393578767e+00
1.806243617830671999e+00,-3.257475149724174912e+01
1.738534061791233931e+00,-3.975400280342844184e+01
1.726236463510756769e+00,-2.560498913018264844e+01
1.740766730963975606e+00,-2.425504156699888014e+01
1.746451369499057105e+00,-4.005916976574064847e+01
1.667995945364429522e+00,-2.936866927003632810e+01
1.673190411113810061e+00,-2.398316267054191897e+01
1.636927212672552256e+00,-1.729895341900683903e+01
1.579231952386788373e+00,-1.848825848624527524e+01
1.593503830334679128e+00,-1.429722151877575520e+01
-1.260402980734733980e+01,1.470814509336145548e+00
-6.653266887728760537e+01,1.801005878113697278e+00
-6.577918071481683171e+01,1.659825027429956634e+00
1.787892048523743060e+00,-5.308192468597655989e+01
1.740301336393718090e+00,-3.543884773292169399e+01
1.722670863242444339e+00,-2.687126532431649650e+01
1.657948325403436396e+00,-2.455966512475687580e+01
1.821820601950516760e+00,-3.036620100769401631e+01
1.729396067490542865e+00,-3.647748823176166155e+01
1.673793873862980064e+00,-3.545569583813575321e+01
1.678226019108239875e+00,-2.702981209545276897e+01
1.589405274208830487e+00,-1.791701610576873449e+01
1.570816284382066774e+00,-2.993960728800288962e+01
-8.791353697017729729e+00,1.464269229021893493e+00
-4.523214503813831300e+01,1.845334186604308702e+00
4.599486769416615828e-01,1.527706631886717403e+00
8.415278426114392030e-01,1.326973337310757506e+00
8.666843928018463927e-01,1.325996881718023657e+00
1.594300287852070230e+00,-5.781781939927924441e+00
1.546928681814951911e+00,-3.412946645019490077e+00
1.560315209331373021e+00,-3.122429652905672981e+00
1.557179304550915910e+00,-7.619477489497296363e-02
-4.049730112305300445e+00,1.543599565519044869e+00
-5.248962980513239174e+00,1.556109558949066107e+00
-4.005841266185964145e+01,1.789577258882883548e+00
-6.977099024057400811e+01,1.959837832401982727e+00
1.864922092452638402e+00,-3.863635863423912298e+01
-9.568182773309101208e+01,1.878334652466453703e+00
1.664948141016234340e+00,-2.078595578997158100e+01
1.701004183254599900e+00,-1.573432025504882326e+01
1.705225087788912797e+00,-2.809617612970638234e+01
1.593070648685426693e+00,-2.566227507887872861e+01
1.732200372311324843e+00,-2.880032210579340912e+01
1.656103063053374846e+00,-3.520607056838503013e+01
1.666261919949334702e+00,-2.621167826219213737e+01
1.574918727160629528e+00,-1.756277067260347025e+01
1.687692801247878904e+00,-1.011511732938468278e+01
-1.018768615019386381e+01,1.594165266121192692e+00
-4.608183814657904520e+01,1.827334370707668798e+00
1.831057814683305640e+00,-2.692763417863563902e+01
-7.034215935755398164e+01,1.892546831574033694e+00
1.659502830496140335e+00,-2.722694874034992907e+01
1.661000592595874625e+00,-1.784586532613482746e+01
1.714583430992333568e+00,-3.286048285140416425e+01
1.709205630115938401e+00,-2.387769435031379572e+01
1.747317159228032324e+00,-3.302568103508144048e+01
1.619614651560055574e+00,-1.905806364751019899e+01
1.626627457525416709e+00,-2.253446718326367204e+01
1.570865659121433833e+00,-1.273731572941206736e+01
1.482449977554123111e+00,-7.232242204576561306e+00
-1.501621833107751947e+01,1.610166539652439166e+00
-6.566358235129260379e+01,1.798464800811841124e+00
1.664822030998546865e+00,-3.747349641578568225e+01
-6.829910228621672275e+01,1.809399537213076892e+00
1.714847491455475215e+00,-1.743329709443039022e+01
1.662810535601541240e+00,-1.652816309508166626e+01
1.663834132762678220e+00,-1.978295510413053648e+01
1.677806078864879424e+00,-3.050555039621112741e+01
1.716403356671056812e+00,-2.177786024634367834e+01
1.703548328652803256e+00,-2.882457059206764782e+01
1.646707413121981434e+00,-2.384966482021153666e+01
1.602424230276737971e+00,-2.024008752280495216e+01
1.542086461005268694e+00,-9.429914072289042437e+00
-6.194630768518374353e+00,1.503855042099728312e+00
-5.806028668862573028e+01,1.822342933175391533e+00
-4.984149021458524231e+00,1.601222048143112309e+00
5.859752496285018930e-01,1.457610007555222298e+00
1.538392941582206852e+00,1.659755494621475980e-01
1.568733095266428013e+00,-6.197182650058222109e+00
1.561933335942630396e+00,-5.685098953363263874e+00
-2.444637133423282371e+00,1.516282589488934684e+00
-3.948803889388783794e+00,1.456557106948253022e+00
-1.363029865618890391e+01,1.609787261083024390e+00
-3.349209551889777003e+01,1.826338349794048854e+00
-9.054732530691974546e+01,1.933771051120746431e+00
1.797855667139531599e+00,-2.777772265152117370e+01
1.662266560360880829e+00,-2.616217183495872689e+01
-8.842955120992877482e+01,1.936894356432555586e+00
1.612982969810860645e+00,-7.482991526985919961e+00
1.594954407965232246e+00,-1.155217626245992868e+01
1.627873148224165956e+00,-1.324226028232750885e+01
1.600624937741664811e+00,-2.493239268063958392e+01
1.664322719244488491e+00,-2.815134344185924675e+01
1.698449925738445110e+00,-1.763357900695919156e+01
1.559022292565087175e+00,-1.258923188647528235e+01
1.535946121408266363e+00,-1.038634635711679577e+00
-2.058428665279160086e+01,1.716680801338954065e+00
-6.000141415754336549e+01,1.808949979866912861e+00
1.805861842155223940e+00,-2.711682936830205648e+01
1.665787426827430417e+00,-3.281974741858100231e+01
-9.585653613966118769e+01,1.934857543738462748e+00
1.604755284577691121e+00,-8.396005463390867618e+00
1.666427468836121584e+00,-1.403554352921340431e+01
1.640663214997484687e+00,-1.719041168777661355e+01
1.626120917515505138e+00,-1.626030602418988380e+01
1.658262470479053174e+00,-2.620106573074571443e+01
1.643263159225084369e+00,-2.054192211818159919e+01
1.521602731771531269e+00,-7.199711671887262909e+00
1.485125107926847265e+00,-2.692982081765943558e+00
-1.585268224175362839e+01,1.564615402797597810e+00
-6.433214205341685954e+01,1.852097552700125105e+00
1.837962947647779899e+00,-4.570981412642112929e+01
1.741513481114108863e+00,-2.002035089948260804e+01
-7.098730132181162844e+01,1.862860383146862420e+00
1.592918585966677458e+00,-1.410099353191689175e+01
1.654486144907038714e+00,-1.521282298773157571e+01
1.656736487059200291e+00,-1.366113038204478869e+01
1.643175862298918322e+00,-1.997187998370954531e+01
1.674274223146367868e+00,-2.293230857035715076e+01
1.651941933284867048e+00,-2.570323149889576086e+01
1.638774744450644416e+00,-1.720279756397409088e+01
1.526135322840012742e+00,-1.196800912346158441e+01
-1.707442599732366517e+01,1.685082472883485449e+00
-6.456868786754685630e+01,1.880615053058758424e+00
-1.461370411049529849e+01,1.561764144126768228e+00
-1.487427256872122605e+01,1.489820905492400760e+00
-2.878141717334573801e+00,1.497406353232215270e+00
-3.059310628839051471e+00,1.539000788532131292e+00
-4.657302388535872417e+00,1.517358014691244872e+00
-8.242763617841267987e+00,1.542597122694009171e+00
-1.274660547908300323e+01,1.560277387082211531e+00
-2.592549276033797767e+01,1.796495659963617264e+00
-8.792132682211786232e+01,1.996576926805218477e+00
1.798196537485019952e+00,-2.615291210770950414e+01
1.664892569212200746e+00,-1.632863370949705484e+01
1.639338027403982823e+00,-5.902756693876455074e+00
-1.069794879736642770e+02,1.948251047200074471e+00
1.574320067106108390e+00,-2.472821637965067598e+00
1.600628083784483069e+00,-1.009649546275761622e+01
1.613224129222611491e+00,-1.065238526944360054e+01
1.527762883605087607e+00,-5.995379476056674761e+00
1.584976425039609005e+00,-2.224845966720375046e+01
1.544059723454282107e+00,-1.703344770925197693e+01
1.500249611510008796e+00,-8.442245924075033603e-01
-2.993886221071533171e+01,1.676504478440152823e+00
-6.684596582607042592e+01,1.790134717464132219e+00
1.691878917547270822e+00,-1.857431047158160808e+01
1.671400687508364902e+00,-1.913677844771991587e+01
1.589050475630890302e+00,-5.627470483515041977e+00
-1.171900202548478802e+02,1.997772376466615540e+00
1.580272722024945953e+00,-1.764529873342713939e+00
1.601432888538254717e+00,-8.779583222243671159e+00
1.603588352793456462e+00,-1.319084151892034029e+01
1.599556833685167101e+00,-1.216212539974632811e+01
1.585745622015413137e+00,-1.513416697488132634e+01
1.692381604945943918e+00,-9.528009739421559487e+00
1.525739144877807707e+00,-8.064879019278588856e+00
-1.506127711764485255e+01,1.816300749899423916e+00
-8.400604946037198317e+01,1.946776543887963173e+00
1.780688352059009993e+00,-2.150617116938516915e+01
1.667290290536308506e+00,-1.513575654091786404e+01
1.591477303495274276e+00,-5.579355404536529228e+00
-1.041356445548481844e+02,1.911117771980491931e+00
1.576977919730900846e+00,-3.173199809183854470e+00
1.594926935666393097e+00,-5.684199712438513963e+00
1.587727446301148371e+00,-1.916100863331487147e+01
1.572600114338229105e+00,-1.294433078906442347e+01
1.596650912754314700e+00,-2.201735344067857625e+01
1.642577763608541463e+00,-8.396704760684160718e+00
1.524808553221639107e+00,-1.420604440402919444e+00
-1.501588300156111622e+01,1.533108204278873954e+00
-6.124565374480845747e+01,1.906643135120114740e+00
-3.110187433614494878e+01,1.501092836446334733e+00
-1.437224923765992379e+01,1.466923920840402795e+00
-1.577298194771329065e+01,1.486285261803885094e+00
-9.976417912542412836e+00,1.576858608604041478e+00
-5.344241813693032306e+00,1.608577983295877534e+00
-2.582505365785652174e+01,1.707346349289281973e+00
-5.013558302984449710e+01,1.704480717351028352e+00
-9.483702086367114248e+01,1.920273938871887243e+00
1.670241711715924282e+00,-4.248736170792991373e+01
1.687372343410609155e+00,-2.275023353436775153e+01
1.656913280930750743e+00,-1.724965160112063600e+01
1.583464655406902510e+00,-1.184601213479886717e+01
-1.116299038516627604e+02,2.087515047241241817e+00
1.549539433816982337e+00,-1.212024895946784087e+00
1.566477101750648693e+00,-2.716041774146964016e+00
1.572509906687762360e+00,-8.873030908626509117e+00
1.530716853867303495e+00,-8.480084042097074004e+00
1.555301479028137646e+00,-1.376417871297292805e+01
1.364474389559417133e+00,5.825936386985571813e-01
-2.727327851136127990e+01,1.878010505461438440e+00
-8.425428362741166666e+01,1.974871830995692079e+00
1.689938628941909604e+00,-3.036293050761500822e+01
1.704534501151753201e+00,-2.690169020878489192e+01
1.590083283823078508e+00,-5.140179708679662340e+00
1.589656919916653477e+00,-2.431423570491474617e+00
-9.916251566003454343e+01,1.970747726209435946e+00
1.572044299457822758e+00,-6.309018757638984454e+00
1.533387227167833933e+00,-8.600558388871363258e-01
1.560657604737048398e+00,-1.304524972171418273e+00
1.557953052942276706e+00,-1.134843109281677087e+01
1.502517834083888282e+00,-5.545352063341593585e+00
-2.767280570231836823e+00,1.618743954934000362e+00
-2.313624825996402024e+01,1.781451242446881578e+00
-7.875998081155618991e+01,1.909747508069112865e+00
1.802111430346412302e+00,-4.749577383858209600e+01
1.667325382421945168e+00,-2.950008352859116556e+01
1.608809868335629112e+00,-1.684510922851487180e+01
1.577520882279655146e+00,-2.833300896947122283e+00
-1.178985644821171945e+02,2.109024798202327577e+00
-1.719679258558049151e+00,1.593706160537497807e+00
8.735345153354785452e-01,1.354697189262381141e+00
1.589697455627455902e+00,-2.845869305334946198e+00
1.501621952586160047e+00,-2.634143951180782484e+00
1.682399756894727094e+00,-1.515590291979902737e+01
-1.986853037308404790e+00,1.614325250900791930e+00
-3.303720389423286719e+01,1.640274241584037007e+00
-7.615847060010412406e+01,1.898464217406780508e+00
-3.157370560640340074e+01,1.618322632736010291e+00
-1.580877981252208286e+01,1.461896283705539146e+00
-2.403229745758448743e+01,1.485699002995703566e+00
-1.677285971758293925e+01,1.492625797476665017e+00
-2.933797263749855944e+01,1.854088597943066352e+00
-4.744423772121668748e+01,1.898327761450664841e+00
-9.873198055914352267e+01,2.033783668633530439e+00
1.778658943381481228e+00,-4.111205211311848018e+01
1.660361750167243633e+00,-1.873262307195944487e+01
1.658819097097066209e+00,-2.053838834449424411e+01
1.630877441061858280e+00,-8.456636940720233753e+00
-4.780228586681134928e+00,1.580014647401281946e+00
-1.399307937604690721e+02,2.300471915572350312e+00
-9.297020688974352964e+00,1.553104724066378450e+00
-2.560806300963083260e-01,1.560755652562334728e+00
-3.400635570829819265e+00,1.553794047405818501e+00
1.508825392650471109e+00,-9.768076889807705832e-02
1.375460370172336411e-01,1.460076916563139537e+00
-2.952310820758102139e+01,1.859614862455823969e+00
-9.410641223264819644e+01,1.991241057766600875e+00
1.683289164693030360e+00,-3.784862565268117152e+01
1.702879857521981899e+00,-2.287628622902194309e+01
1.653977676108894235e+00,-1.495759111068438330e+01
1.593350762716023050e+00,-1.050253577142330741e+01
-1.262451616535307908e+00,1.556065195065386320e+00
-1.165272658348735604e+02,2.023007103018573005e+00
1.805352031727432138e-01,1.506669122380072334e+00
1.531501051224755106e+00,-4.739562272298153189e+00
-3.044929861681158201e+00,1.558685381599977937e+00
-2.929322420142446148e+00,1.661934808473384262e+00
-1.240221678812513550e+00,1.691895356296835518e+00
-4.702295088442446058e+01,1.867896012252548310e+00
-9.111437307515420514e+01,1.939071779962516784e+00
1.820179042837945627e+00,-3.426285798178886921e+01
1.693646990033252031e+00,-2.351449133247972512e+01
1.655668832599471063e+00,-1.506535491067404742e+01
1.600313673804285575e+00,-1.859231267969775914e+01
5.357426588219724728e-01,1.457724951058773533e+00
-1.460407569357788304e+02,1.999829770084860847e+00
-7.070600279872433447e+00,1.476380648747667168e+00
4.998076650788428887e-01,1.541954768618236438e+00
1.401187596271521230e+00,7.098954560215677834e-01
1.602769150774880691e+00,1.935596543694844129e-01
-2.483959188128795903e-01,1.552558261784401594e+00
-3.867502816132567744e+01,1.738104635583326729e+00
-6.347816505374213847e+01,1.912097221796896340e+00
-1.975759751582100776e+01,1.583086749043522756e+00
-3.102345629981263997e+01,1.689301767340252614e+00
-1.580431162324792638e+01,1.543892485410796711e+00
-3.259533533654406057e+01,1.626455881293872752e+00
-6.548717578924127736e+01,1.819558387474668359e+00
-1.120113261624031935e+02,2.064607702716232396e+00
1.767690313151396353e+00,-3.601328527841363325e+01
1.688362230718466694e+00,-3.313814231531608812e+01
1.667040583144183685e+00,-2.783873837450102329e+01
1.568990248483288497e+00,-5.855939926082048608e+00
1.106920192757719468e+00,1.102449510814296429e+00
-7.194899975964977656e+00,1.472473988159213043e+00
-1.088446283737514761e+02,2.297195461291330343e+00
-1.569689001958151486e+01,1.468732711236004462e+00
-2.590120472191915546e+00,1.454423675685111883e+00
-8.664747055661234043e+00,1.602275585018969162e+00
-2.830065789547683952e+00,1.448293520960156400e+00
-5.121264102619592506e+01,1.793576259108272009e+00
-9.404620862872098996e+01,1.976305560612960699e+00
1.799153258664522248e+00,-3.482523241345649012e+01
1.727382686871356210e+00,-3.053531232244608873e+01
1.623621314608217903e+00,-1.400041409191802799e+01
1.563056475641437126e+00,-5.925028627115728419e+00
1.540825687341123684e+00,-6.264386090807096075e+00
-9.473832706651168500e-01,1.636636750055102230e+00
-1.476581729831035261e+02,2.415111473313253043e+00
-1.215640249439777421e+01,1.638680511559420294e+00
1.573369065381119647e+00,-6.723413014234959073e-01
-7.407204454800693227e+00,1.665609680563720385e+00
-7.676824095133337522e+00,1.754664308761658909e+00
-4.819353877209780279e+01,1.862574293331222375e+00
-1.014224999466849226e+02,1.999937449589878291e+00
1.633749728276623570e+00,-4.286609283992228825e+01
1.732822029722821400e+00,-3.115491375015628961e+01
1.594731965046089162e+00,-2.702811514982520791e+01
1.593757356437303097e+00,-1.396266171257197186e+01
1.538388597060496021e+00,-2.208298299843280077e+00
-9.105981917013087568e+00,1.479782043320562401e+00
-1.242786784669302023e+02,2.462862947216187592e+00
-6.982503526841224328e+00,1.489030128986021495e+00
-1.328205864429347294e+00,1.451030861811605011e+00
-3.392614811083156656e+00,1.598557957227101811e+00
-6.115670543024518402e+00,1.778296897500104334e+00
-4.429385473463535305e+01,1.909701605677372349e+00
-9.063208742551626074e+01,2.000663478652156879e+00
-2.896609174461218927e+01,1.836492798561867978e+00
-4.074085662357273918e+01,1.880650854996934296e+00
-3.866919823261020639e+01,1.790040424197776092e+00
-6.573128172596697993e+01,1.911389808319787997e+00
-1.245689916076624399e+02,1.999858226259345617e+00
1.691729245117389535e+00,-2.958631093414278013e+01
1.595711360581632654e+00,-4.300474773821031960e+01
1.657997386681478780e+00,-2.545139124679326059e+01
1.595404413917816733e+00,-8.691520893294427452e+00
1.548447691710283181e+00,-2.896564629027018167e+00
1.502669522686298498e+00,-1.131182797934424888e+00
-9.205134804214269550e+00,1.481509719717221119e+00
-1.634397203827319913e+02,2.559373753350732805e+00
-1.318592380720915003e+01,1.618265174664448303e+00
-1.807670853619520912e+01,1.763296014903588338e+00
-2.720877546138651226e+01,1.689250819850416363e+00
-7.435872875378763069e+01,1.943341401800852797e+00
-9.417742977717104225e+01,1.999600142293668892e+00
1.690691038180959449e+00,-2.796739362345356739e+01
1.614788609970905009e+00,-1.914518380466672909e+01
1.628828385269827095e+00,-2.536989575763546512e+01
1.609984221005647198e+00,-1.865064763869688846e+01
1.638978244567875553e+00,-7.610803171193009753e+00
1.495627045330634619e+00,-1.800763311279797829e+00
-8.027620022470150829e+00,1.602916586996450343e+00
-1.524950295611942011e+02,2.584356386827887597e+00
-1.441949317935077524e+01,1.596149937104263561e+00
-1.612705732735312836e+01,1.738374437885685131e+00
-2.584721624292545172e+01,1.871875950877673667e+00
-5.065354844415724500e+01,1.787820162685155534e+00
-1.011583116231909969e+02,1.999358967195596026e+00
1.714733835023373842e+00,-2.883886271227524034e+01
1.633915139077015466e+00,-2.506075995256420796e+01
1.614796875992930758e+00,-1.770466226855588232e+01
1.595722719603178685e+00,-1.905214000826371290e+01
1.517405955632821879e+00,-5.888925519814240062e+00
7.921556039304931129e-01,1.302361872805915421e+00
-1.554378556129502087e+01,1.528847352394763437e+00
-1.533437706728225862e+02,2.589623885426928673e+00
-2.190369506596023541e+01,1.611516613970493950e+00
-2.178041388452342275e+01,1.658698317584979431e+00
-2.044373474669406576e+01,1.718283929827659540e+00
-6.842951739263700972e+01,1.924011058631075244e+00
-1.180699830582116761e+02,1.994142640360450303e+00
-4.767775421282032511e+01,1.656580883987348374e+00
-4.465555397489977452e+01,1.922842163334576027e+00
-1.136894913921659196e+02,2.081314083142063787e+00
-1.709678141017518840e+02,2.186400324143618956e+00
1.658724597610085505e+00,-3.025585350972068710e+01
1.618323203489465012e+00,-2.004560190218780136e+01
1.654488690546291885e+00,-1.683783988683136101e+01
1.576175018769812697e+00,-1.936584819584064121e+01
1.531713997880586708e+00,-7.261122085618617383e+00
1.507663815321553580e+00,-6.667903896701682598e+00
1.096264228497592308e+00,9.877665117626696079e-01
-1.434642235775501540e+01,1.614435048033517228e+00
-1.584433406001711830e+02,2.537691547677391135e+00
-3.557329679199626327e+01,1.742465264059035235e+00
-4.897843778940963233e+01,1.847273559289579259e+00
-9.095626489953215810e+01,1.996654516843868077e+00
-1.173409133414115217e+02,2.057109895461862070e+00
1.644501408739925896e+00,-3.065406717441640083e+01
1.603854958536732767e+00,-1.997785844186562443e+01
1.691949142031803133e+00,-1.412658225017338687e+01
1.610186062597533496e+00,-1.677759953887529676e+01
1.676028523621692079e+00,-1.025082629712296800e+01
-4.267232884344549504e+00,1.607656726154333082e+00
-1.206582153925758760e+01,1.571178429536847609e+00
-2.284025647295334238e+01,1.798851951443128705e+00
-1.546141987314998119e+02,2.729217552725093032e+00
-2.544803935607367862e+01,1.897583196803398042e+00
-4.421266130082744894e+01,1.929646646115966702e+00
-8.632371419132620360e+01,1.946662856469804082e+00
-1.131317765658922241e+02,2.010489136122088460e+00
1.646854686660864653e+00,-2.817949759155775169e+01
1.583378840374106700e+00,-1.938506542406090816e+01
1.602592519737414900e+00,-1.943975693207850952e+01
1.586722258419427822e+00,-1.695932497487179802e+01
1.533500651880138843e+00,-8.187398535648917175e+00
-1.011651731019282824e-02,1.513836351621411502e+00
-8.219157748892667925e+00,1.456029533449862079e+00
-1.750044470757016413e+01,1.654724489974784607e+00
-1.617695037610382940e+02,2.740816326530605362e+00
-2.727881511568423889e+01,1.885141911022928829e+00
-4.587980620309228641e+01,1.935732292802555987e+00
-7.408391367693900520e+01,1.993660964268551217e+00
-1.244978836557380220e+02,2.100398147199996401e+00
-7.154158136950934477e+01,1.856191476642807592e+00
-7.780261194333836272e+01,2.007122164558611921e+00
-1.359936012324110095e+02,2.247077831592704467e+00
1.603313830185737476e+00,-2.306917433317152089e+01
1.572726297923855876e+00,-1.606317085172040393e+01
1.626748821727858063e+00,-1.881207505705846472e+01
1.571491668030302824e+00,-2.765663007642829641e+01
1.589553398920529492e+00,-6.560244847550640301e+00
3.394084028774839168e-01,1.538151690367342006e+00
-4.963165926706190056e+00,1.439721661140641817e+00
-1.874177472619198781e+01,1.580885525146648485e+00
-2.923440035319296726e+01,1.729068687949473437e+00
-1.635431981845297571e+02,2.809850861007933798e+00
-6.495507157406123611e+01,1.977024807997260103e+00
-9.033765431473651120e+01,1.992387843156756766e+00
-1.567947361897561507e+02,2.211955209632440855e+00
1.661498634376256334e+00,-2.497933653184266234e+01
1.561151704110722793e+00,-1.376699454856536420e+01
1.539153093156121921e+00,-5.377336957811918339e+00
1.562917947318889222e+00,-1.012751073536692736e+01
1.541086364593553970e+00,-1.274809636968030802e+01
-1.085304722019168056e+00,1.680538028848336474e+00
7.016806540732651865e-01,1.290500461429265888e+00
-1.454492414543970824e+01,1.832348146719588788e+00
-3.711756182728846909e+01,1.827268183989823935e+00
-1.543911407332683154e+02,2.849865405878503566e+00
-4.241165264677444213e+01,1.935741347847870442e+00
-8.982518399630357919e+01,1.992861035090101707e+00
-1.226854126919046735e+02,2.208879309892308740e+00
1.650100870275171605e+00,-2.410846945300631106e+01
1.579226313797020609e+00,-1.238092981832640049e+01
1.543575124736816795e+00,-1.178601620656915649e+01
1.620152282681149192e+00,-1.329254104362222755e+01
1.551476491174548666e+00,-1.263303626181122752e+01
1.176772348916030664e+00,1.073019923121487196e+00
-3.212016234630191036e+00,1.498972702576841121e+00
-2.196038612139401636e+01,1.627223006580968745e+00
-2.834496670524666939e+01,1.747011763331502099e+00
-1.748765558677087313e+02,2.832831511787028855e+00
-4.936613736301639221e+01,1.675638616707249895e+00
-9.120987756901341470e+01,1.974975612995392371e+00
-1.533251339705911107e+02,2.219204284196484522e+00
-9.915618318945372778e+01,2.029202955230178240e+00
-1.618899578934017427e+02,2.353850515631203955e+00
1.677665558256940637e+00,-1.264638089939334087e+01
1.685219507383290294e+00,-6.925825080580183979e+00
1.487417952957190703e+00,-6.056151038743441184e+00
-2.371026082017348102e+00,1.645259863621522323e+00
-5.889082630506411675e+00,1.723479064327268606e+00
-3.302124118369592409e+00,1.437301413372868764e+00
-1.067631481580670005e+01,1.629981226252449122e+00
-2.175589283426642240e+01,1.766748296226958281e+00
-3.976296895225451777e+01,1.922660620123120001e+00
-4.146246406803489037e+01,1.950639367029332050e+00
-2.091912824586803197e+02,3.033860374787348047e+00
-8.897973647284256060e+01,1.999544720259065711e+00
-1.090930999573895264e+02,2.077668425024429055e+00
1.568363286099990317e+00,-1.497602669416875543e+01
1.489356741892691405e+00,-8.019978831588568724e+00
1.643660369622372608e+00,-9.301621718219726276e+00
1.093049374633642712e+00,1.053472567952697281e+00
9.960666688346503372e-02,1.426466492904469696e+00
1.495541873294425450e+00,-2.740272446861230282e+00
-3.336181386937137727e+00,1.566725294162710336e+00
-1.817903259801604676e+01,1.786599875566725171e+00
-3.905075643152592590e+01,1.885694920590154311e+00
-5.443284796749200893e+01,1.936044227533836093e+00
-2.140789253299804500e+02,3.005597192515598426e+00
-9.532338834523916660e+01,1.997668977624745601e+00
-1.599080298025657498e+02,2.196306117647016443e+00
1.532993224434338497e+00,-1.836812526141158131e+01
1.712661788157211928e+00,-1.131372079093822203e+00
1.615466014979028753e+00,-1.511292718808971003e+01
1.098153314471930875e+00,1.151837820793599532e+00
-2.049425450280636607e+00,1.442462976032275135e+00
-1.173644822958674450e+00,1.802245040747262106e+00
-1.824977288993288838e+01,1.804628406625687909e+00
-2.182042151598617608e+01,1.687322180590236753e+00
-3.993857592209798213e+01,1.938843413342512756e+00
-4.932185971495221111e+01,1.935290561824628774e+00
-1.935487063241612873e+02,2.933653297960722384e+00
-9.793372586241055444e+01,2.004923893494356513e+00
-1.737217391828505129e+02,2.223338218678793332e+00
-1.966781986049984710e+02,2.343925627075668761e+00
-6.158807363696629622e+00,1.502473650036109554e+00
-1.143727503309287208e+01,1.589239021343115121e+00
-1.925819918139297116e+01,1.530662234604245553e+00
-2.663072233221432938e+01,1.730481072432102696e+00
-2.759035562948307074e+01,1.632721110609014703e+00
-3.663347408365014246e+01,1.732503806163799176e+00
-3.721650199146064608e+01,1.853093486995965655e+00
-5.668045564140632564e+01,1.953721438275545674e+00
-6.973986483282931204e+01,1.983116585921419928e+00
-8.037777364402248281e+01,1.978384626297296833e+00
-6.523175723595153386e+01,2.007829904638560148e+00
-2.450470410655596822e+02,3.169636222609253817e+00
-1.847235128329554072e+02,2.274476978279964090e+00
-1.395504944967984784e+01,1.560349077675492691e+00
-2.165552809179116522e+01,1.628678208209514811e+00
-1.746107354701972625e+01,1.555506068992723812e+00
-2.199335937389528084e+01,1.721974931251640362e+00
-2.494376740677083149e+01,1.641214331914525149e+00
-3.810916485208764470e+01,1.743938243568814217e+00
-4.168260566404791945e+01,1.915150182069918383e+00
-6.775489863767784016e+01,1.880311847961328331e+00
-7.555553682475100175e+01,1.998026346899618444e+00
-8.070234801336260944e+01,1.929731375219109646e+00
-9.993224962301923142e+01,2.079325521791223874e+00
-2.457744172270222407e+02,3.200726756448013077e+00
-1.571175677436346518e+02,2.313557798458901082e+00
-4.405965870118580874e+00,1.601338125689013570e+00
-1.531170757785886316e+01,1.563544545240957540e+00
-2.303040230476596761e+01,1.744953047402849844e+00
-1.734722811863080238e+01,1.712117747173254489e+00
-2.560159229305968864e+01,1.666421770289189030e+00
-3.517399352326313533e+01,1.684945563088675602e+00
-3.998346410170358922e+01,1.848070302657892849e+00
-5.240098675936624062e+01,1.844266077964130002e+00
-7.303117982645954953e+01,1.921731484037430437e+00
-9.314174741027345306e+01,1.940465341651880893e+00
-8.728217525221417361e+01,2.016325795961928513e+00
-2.121004368875186401e+02,3.191599583557314102e+00
-1.829799767598827600e+02,2.272127537465180591e+00
-5.907205471303902300e+01,1.699206901563967254e+00
-5.424251239821462178e+01,1.821688534344709121e+00
-7.340634595980590404e+01,1.928456694845112063e+00
-8.726897233639137141e+01,1.916413765730768715e+00
-6.732426282941325724e+01,1.953464161123948051e+00
-8.462925802116285467e+01,1.978833147332332842e+00
-7.512325235375553234e+01,1.987731892327590844e+00
-1.007096903434495943e+02,1.995565958788867222e+00
-1.366340696834351149e+02,2.007897764091339798e+00
-1.466230592874630929e+02,2.200983047002360582e+00
-1.592297845863831469e+02,2.228794031488080751e+00
-1.664991695861941707e+02,2.332124872506206259e+00
-2.693976907176628401e+02,3.293463966631378970e+00
-6.089131976866084983e+01,1.895265999380238764e+00
-7.589431615787640339e+01,1.870371591361206898e+00
-6.763011087062908189e+01,1.780535764816731925e+00
-7.410018446925143110e+01,1.938110660318420386e+00
-6.722792485441772214e+01,1.770240028998131265e+00
-9.579201284380336290e+01,1.988404294724201105e+00
-9.319773934911920321e+01,1.988372609758376486e+00
-9.215605798635758106e+01,1.972204666669548079e+00
-1.332972018379069539e+02,2.100580281889210088e+00
-1.207162165653224264e+02,2.179462729578304891e+00
-1.588154028611726005e+02,2.263779277131497736e+00
-1.712051184645722230e+02,2.317043756580543068e+00
-2.515756014067036688e+02,3.310772899565467942e+00
-5.586709904579535646e+01,1.788247711635441162e+00
-5.297350035162779136e+01,1.864418567526012094e+00
-6.424578228071086983e+01,1.797242877397900784e+00
-7.347814926854347561e+01,1.856372519245994335e+00
-8.979855898861126207e+01,1.947108036167216394e+00
-9.918631630545688438e+01,1.900782227001176716e+00
-7.010270115166906635e+01,1.974258039498766326e+00
-9.714133404912092828e+01,1.994645947973768374e+00
-1.143723559520866218e+02,2.146409888539607902e+00
-1.270527185284958449e+02,2.072371526248926621e+00
-1.524318294108556415e+02,2.218850564247828672e+00
-1.829384282952135266e+02,2.287717932697070466e+00
-3.196543524320604774e+02,3.310897925830418753e+00
1.651410885925057137e+00,-1.040486020157125679e+01
1.617278183637471667e+00,-1.530974645406162793e+01
1.623559372821903546e+00,-1.343231374453518701e+00
1.613560930883042088e+00,-1.119180932214514002e+01
1.659121915709035999e+00,-2.056897151935082135e+01
1.601487323510547567e+00,-1.560862209644940002e+01
1.574159246660498335e+00,-1.339410206526357427e+01
1.544817378044951894e+00,-1.306818327837651061e+00
1.522058404421609668e+00,-5.798638505129798837e+00
-8.566326507248961164e+00,1.652551664662173181e+00
-2.224562986590898461e+01,1.822591261960673670e+00
-1.131852717555427859e+02,1.963981174382700035e+00
-6.066589388590895737e+01,1.662913451993730085e+00
1.863579755831118012e+00,-2.996403813388220527e+01
1.738066627486794413e+00,-2.297496478741372883e+01
1.748559121452343934e+00,-3.090013809996883154e+01
1.798960521661885803e+00,-3.244214077715243150e+01
1.827425950456775583e+00,-3.911562409956791697e+01
1.782574504053032305e+00,-3.110792743428986284e+01
1.725511974066462617e+00,-3.715414499264564085e+01
1.661372701745051250e+00,-2.989601222248674262e+01
1.577193885203436619e+00,-2.004199317904709332e+01
1.530620522132062344e+00,-1.616292863180236239e+01
-7.643468170565803632e+00,1.527155736587404888e+00
-4.529875224996836636e+01,1.735977015941392754e+00
-5.224534168672879986e+01,1.652165320891244349e+00
1.805016819542504480e+00,-3.753610048083428552e+01
1.721295469867842876e+00,-3.041173758034164010e+01
1.686149805462566764e+00,-2.220715981836131903e+01
1.772748132496397844e+00,-2.691315374489404633e+01
1.791497510777838365e+00,-3.842955553038272853e+01
1.659624023467002774e+00,-2.989069686856086250e+01
1.668827869580993939e+00,-3.291452863637637449e+01
1.657150559555258251e+00,-2.787391518125582479e+01
1.621429908299541145e+00,-2.077621149024453118e+01
1.559444355959433093e+00,-1.764224705027169549e+01
-1.108849115333632795e+01,1.695560022219073204e+00
-6.251251241276668935e+01,1.854106405447012884e+00
1.568572910778071261e+00,-2.107026308906693401e+00
-2.756902623765034477e+00,1.608480111566527926e+00
1.581785702307997088e+00,-6.107083733745375387e-01
-1.947816107129264895e-01,1.602430827794973922e+00
1.578178523335475480e+00,-5.805135284926769224e+00
1.554924845854181115e+00,-8.231253172845014454e-01
6.035189841724791782e-01,1.394691189848161539e+00
1.458633668109600823e+00,1.819363545514014746e-01
-1.419712290777771990e+01,1.744256147858827433e+00
-2.479858572293332841e+01,1.569589943064414683e+00
-8.049122532178483880e+01,1.919385623304795896e+00
1.763951625533772827e+00,-2.626606908056090717e+01
-6.116813905613832247e+01,1.778215364033113977e+00
1.618731059489016300e+00,-1.948189080505040849e+01
1.646283879276719819e+00,-1.727919510766791689e+01
1.698536964450026776e+00,-2.529544831004315597e+01
1.585149047271594780e+00,-1.988035840759909334e+01
1.751630553385381983e+00,-3.160121117602391294e+01
1.625947715927367199e+00,-3.352064242463386279e+01
1.594433710682102712e+00,-1.780723257694598516e+01
1.615264931441984464e+00,-1.352404026107507029e+01
1.487399975762874860e+00,-8.519050233382071013e+00
-1.661474950454893218e+01,1.617392985992174292e+00
-6.969413113169215990e+01,1.819161202843596836e+00
1.844866835997825305e+00,-4.748182373106892840e+01
-8.395768955970460468e+01,1.808678684111330481e+00
1.690614631298620330e+00,-2.129345983666452113e+01
1.653714429646535589e+00,-1.541747588078490772e+01
1.727841830327037531e+00,-2.527356963086072383e+01
1.672599868085987040e+00,-3.095871675673948076e+01
1.652242435950343147e+00,-3.518471545215936658e+01
1.655019359092738895e+00,-2.498463440833341664e+01
1.598729253093393643e+00,-1.406803984787213579e+01
1.585867591449124703e+00,-2.218071818241708826e+01
1.598801016172427980e+00,-9.566616583310999289e+00
-1.031413293434031431e+01,1.594087124967888291e+00
-5.018347519473997664e+01,1.920478592286781527e+00
-8.902144144892197630e+00,1.612691301314698622e+00
-4.599126723364230784e+00,1.619423696006126345e+00
-5.187114038370293834e+00,1.485828004873189112e+00
1.514841961948735216e+00,1.596587375027081479e-01
1.564520122092673660e+00,-7.797673286008713234e+00
1.513906692438188317e+00,-2.194913172206978125e+00
-2.222495598213103829e+00,1.539020336709838732e+00
-1.720006652009272941e+01,1.575541025585039057e+00
-4.058690765889504348e+01,1.798452671276246750e+00
-7.892506195971259331e+01,1.873961245920815255e+00
1.748910836386186274e+00,-3.472007780358729434e+01
1.689328214553961205e+00,-2.592220685686460513e+01
-9.385582879244776677e+01,1.886700834695600459e+00
1.603827974723810446e+00,-1.064639237757213941e+01
1.619070977694355928e+00,-7.553044952263520351e+00
1.587832388054215560e+00,-2.465230196417044084e+01
1.669382263481350437e+00,-2.664116173191720449e+01
1.699776006157220021e+00,-2.951884421307915574e+01
1.564582957731865953e+00,-2.075399902454184087e+01
1.719277221322527138e+00,-1.419122293600263163e+01
1.470397439232985937e+00,-5.181191711925984933e+00
-1.948323090500148069e+01,1.790862833840994650e+00
-5.031877568120479083e+01,1.903422960281709653e+00
1.843106378452143534e+00,-3.068711090415644804e+01
1.742538590549206345e+00,-2.197350072694215939e+01
-7.125302763832695518e+01,1.897388468366847158e+00
1.580623721549764715e+00,-5.295223828593607074e+00
1.649545832699746306e+00,-1.086296418967876320e+01
1.649891501910379032e+00,-1.065020371942124200e+01
1.657698223746603139e+00,-2.556728756799207858e+01
1.635745438431357446e+00,-2.433586199897647973e+01
1.571062660038416103e+00,-1.756951667325184729e+01
1.555434628964309285e+00,-1.639936055036681850e+01
1.528021749456325296e+00,-6.573799196923705068e+00
-9.720321504941674462e+00,1.465536366495670206e+00
-7.003522636106968946e+01,1.880876018252479298e+00
-1.012385448246467590e+01,1.491467302100768277e+00
-9.265064366326301482e+00,1.525903456535214309e+00
-8.492275768058615171e+00,1.555914054704190752e+00
-4.824163470144664956e+00,1.534423560708004342e+00
1.632071245252505021e+00,-7.625075994743093055e+00
-7.428419090397858859e+00,1.474272436813729659e+00
-1.878061111293775909e+01,1.510361430881488332e+00
-3.367042470868605619e+01,1.876702263721988784e+00
-9.883974684698510771e+01,1.995350963381766318e+00
1.807173529995836025e+00,-3.680685799103793698e+01
1.577842981259669930e+00,-1.178186326911131054e+01
1.588872906702635701e+00,-2.668088976028446524e+00
-1.152668896177564619e+02,1.989427837946247557e+00
1.568507768253216472e+00,-2.734545716926320758e+00
1.569623326761174109e+00,-3.461035883231366128e+00
1.656681443577468382e+00,-1.539194928519565586e+01
1.600263366100476814e+00,-1.664410971383471249e+01
1.629624201209191936e+00,-1.580281498008273822e+01
1.533017914592189168e+00,-1.121943253963608278e+01
1.482490546446319835e+00,-5.728673917566529994e+00
-2.430684529777919067e+01,1.802178802767726351e+00
-6.848657185826510840e+01,1.940668990966280871e+00
1.689905243815624347e+00,-3.112537839757827030e+01
1.621522354754535211e+00,-1.314333018855470314e+01
1.578664001017229701e+00,-6.314876321706943685e-01
-8.823336483273509145e+01,1.994766807670346864e+00
1.512061303124750289e+00,-1.152153876722286308e+00
1.596791391257855963e+00,-1.123396580610132034e+01
1.531263649730303156e+00,-4.434494180008370812e+00
1.581707825890256380e+00,-1.440727333541739874e+01
1.580479984206492272e+00,-1.415982102874779969e+01
1.582559850322508899e+00,-1.815503963792886566e+01
1.461568137617225815e+00,-3.061709145951828082e-01
-1.875727932638634954e+01,1.616342213009062334e+00
-9.745903261658908434e+01,1.967397966176996693e+00
-2.025117494717788702e+01,1.560767773439073691e+00
-1.554413335597899959e+01,1.474533528890549894e+00
-1.667221608373587571e+01,1.519117565552399407e+00
-5.875691710092968201e+00,1.479269781006989914e+00
-1.202947078582327833e+01,1.464740466644328443e+00
-1.801429805024459441e+01,1.709341233773727264e+00
-4.340319002440519824e+01,1.957302931098860332e+00
-9.433684068638599740e+01,1.997739837530480900e+00
1.811725765616195583e+00,-2.790359457608966309e+01
1.664982551236174446e+00,-1.527221028607911535e+01
1.649130656924854721e+00,-1.248725483384918888e+01
1.541138201487052051e+00,-2.852571120411210970e+00
-1.054852192612372335e+02,1.967222713785639954e+00
-3.268479984568707142e+00,1.516890198218000751e+00
1.545435712777978088e+00,-2.756261657263234799e+00
1.510134551087273680e+00,-3.739155224264625876e-01
1.507082028928258488e+00,-8.027232125621456049e+00
1.684100742108194382e+00,-9.504640125058982036e+00
1.591044729070888897e+00,-5.464530716720371828e+00
-2.675945507646632038e+01,1.777142998976986021e+00
-6.840226946333866920e+01,1.939105351647148812e+00
1.747843472445701263e+00,-3.782348577719420035e+01
1.692390781825073853e+00,-2.492397665631876080e+01
1.630210530470114216e+00,-1.215628621252843544e+01
8.160240630822428454e-01,1.367620749862594298e+00
-1.262275146744725163e+02,2.121093715682168757e+00
9.429994343363292675e-01,1.239970546509111093e+00
1.562592171027029186e+00,-7.920092086711292723e+00
1.532009931420658111e+00,-1.930157655286806495e+00
1.561091439437019446e+00,-7.929769566881593512e+00
1.531302594146073615e+00,-1.203555052986487617e+01
3.048890165964858456e-03,1.577513144837582093e+00
-3.786286326677181791e+01,1.901290922613384726e+00
-8.084725354902515448e+01,1.930046367138245289e+00
-2.716998757482813076e+01,1.497869600352425001e+00
-2.003823301618065145e+01,1.470126502076678499e+00
-1.221874425750452353e+01,1.465265852752509979e+00
-1.176279991346284071e+01,1.456332963469001873e+00
-2.935129827105463463e+01,1.878554391760316911e+00
-5.750975176190616622e+01,1.875075456084751568e+00
-1.313718842719673887e+02,2.060785324264907459e+00
1.789516039764406319e+00,-2.948026977910357616e+01
1.749082394514678285e+00,-1.983052513104542314e+01
1.598009904642512247e+00,-7.615978066442568029e+00
1.607403623657297276e+00,-9.842111159117392205e+00
-2.634784412413988974e+00,1.587940565314786889e+00
-1.277223216408972633e+02,2.282344491247157325e+00
-3.716017663311142361e+00,1.553775523546931492e+00
1.535590299725118291e+00,-6.110872266371732309e+00
1.519245841797761898e+00,-6.204456949385543041e+00
4.639857712120200040e-01,1.387961364811025611e+00
2.052607102967388686e-01,1.488120560819886418e+00
-3.464100846153164071e+01,1.657939609927983948e+00
-8.552104600530412881e+01,1.918446894796270730e+00
1.694429484947315601e+00,-3.842000235946585462e+01
1.708026558880529899e+00,-2.776897455557487504e+01
1.666415094670964603e+00,-1.143398163914613441e+01
1.563679528802858432e+00,-1.042236008098177180e+00
1.523126156252317953e+00,-4.840295800056405029e-01
-1.271602024369583148e+02,2.298604810788264619e+00
-4.797001979335657751e-01,1.559848853987070738e+00
-1.109038094383840045e+00,1.522724478982951934e+00
1.494304127507461555e+00,-3.820846503426248653e+00
9.136053130866822469e-01,1.178537025480298706e+00
-9.001812947075691351e-01,1.438722751462379046e+00
-3.397764719995129923e+01,1.854780316391808848e+00
-8.355580485898263987e+01,1.973417597056164041e+00
-2.584729594964608879e+01,1.520393375547427262e+00
-3.573315203054978184e+01,1.571241314961904223e+00
-2.120786741075405146e+01,1.720942512687679171e+00
-3.821340537089896117e+01,1.895899450714988888e+00
-5.079703764506305674e+01,1.888509948327275145e+00
-1.312765962610531858e+02,2.088652392510267575e+00
1.694718704166150447e+00,-3.362971856288573491e+01
1.674296537139038366e+00,-2.100840632427942367e+01
1.686447192578639953e+00,-1.829522660194793104e+01
1.568388601680516858e+00,-8.397767641839172015e+00
1.492923322917713680e+00,-3.590979828747443037e+00
9.495092107982364693e-01,1.218052240886683402e+00
-1.288810457712955895e+02,2.304324223053391574e+00
-1.797681005723287129e+01,1.569445449650035185e+00
1.458110904086989956e+00,8.893836205016825147e-01
-4.435824403178007636e+00,1.466454410320050750e+00
-1.045014562115570200e+01,1.727902310072020775e+00
-3.679144948282686300e+01,1.842372119208272707e+00
-8.513426341405327946e+01,1.971579456881881631e+00
1.832595944162931589e+00,-3.669619581679140907e+01
1.691660536389540281e+00,-3.639641616674003899e+01
1.561101147688365165e+00,-1.882320827300806343e+01
1.574510554545252905e+00,-1.629332609670120746e+01
1.569259430822044221e+00,-2.053769912665184716e+00
1.511636722936170907e+00,1.065961408558653845e-01
-1.225100265435627023e+02,2.307511919078010454e+00
-4.628119933632104832e+00,1.503818403812806626e+00
4.014855533677095800e-01,1.417895562808060506e+00
-1.332609019476496393e+01,1.699145494797121181e+00
-1.354665247955981577e+01,1.625785981491846055e+00
-4.090624574810269110e+01,1.752095105150443421e+00
-1.065719476518398778e+02,1.990535613837132844e+00
-3.030490722344147869e+01,1.656988372475814764e+00
-4.186283160236105516e+01,1.818795941207619116e+00
-4.403452518983709751e+01,1.946678380178652690e+00
-7.155444904940631545e+01,1.968367726601712775e+00
-1.677230924837859618e+02,2.133536628631476528e+00
1.678504596891458700e+00,-2.810120495270986751e+01
1.657182295528670357e+00,-2.697017198556636686e+01
1.660843990460972863e+00,-3.034035741780618523e+01
1.571979537241372071e+00,-1.374212312831173222e+01
8.963383965711393397e-01,1.279080646759948703e+00
-3.042918777151724985e+00,1.510433688829046828e+00
-6.843726745729326488e+00,1.510327577257166043e+00
-1.715846262478114284e+02,2.585710600957273009e+00
-1.565588968740275533e+01,1.669245139016432233e+00
-1.534203748377011145e+01,1.565181758960847214e+00
-2.432928023597158074e+01,1.773259473375215167e+00
-6.149300962987664576e+01,1.950857446632253689e+00
-1.179539349587393247e+02,1.999939369060376837e+00
1.684537464123924355e+00,-3.097580015433932843e+01
1.723447513373663531e+00,-3.367444696086302969e+01
1.634044452815112347e+00,-1.779521415693304576e+01
1.586946477791540744e+00,-1.475675526387781922e+01
1.581342865349135929e+00,-3.556974753602190287e+00
-2.552565976600893016e+00,1.502126905822833258e+00
-1.384025531481846727e+01,1.588394157623884695e+00
-1.612880912586314537e+02,2.573207021953326290e+00
-1.617077803683202575e+01,1.584757155759380254e+00
-1.882119066240885630e+01,1.633522890304895947e+00
-1.681455617371680944e+01,1.791580897933024774e+00
-4.555049415611392050e+01,1.909051514823921103e+00
-1.150520204399028330e+02,2.007536574599675827e+00
-4.113634895846065120e+01,1.856560366244331961e+00
-4.298960016953904528e+01,1.922020022033990028e+00
-8.905172360301452272e+01,1.991054836519898341e+00
-1.197882462562872234e+02,2.214584083072844489e+00
1.644712338718073097e+00,-1.715320821740536417e+01
1.576435192417405595e+00,-1.805725194801383893e+01
1.589340286103583910e+00,-1.519845690931662752e+01
1.606047394394461536e+00,-1.741560886802534824e+01
1.499788011320944081e+00,-1.154956060168513687e+01
1.534065084680728441e+00,-3.936371449926435950e+00
-4.655197317390648237e+00,1.680679892015233268e+00
-9.365966832912654638e+00,1.563897160980362466e+00
-1.658759968706679331e+02,2.738183260080663928e+00
-2.806684285398617362e+01,1.667030869735894871e+00
-3.746672049331148457e+01,1.891510043955087594e+00
-8.445237646610694071e+01,1.942781388025955236e+00
-1.217464789433750383e+02,2.009308739031602009e+00
1.663888660874284886e+00,-3.219160357489110424e+01
1.628362624284489302e+00,-2.631340096177766341e+01
1.604787657624834774e+00,-1.965014045300310741e+01
1.624445148280952322e+00,-2.528208474140986439e+01
1.535798908868840851e+00,-7.719507786123228854e+00
1.591914265195199407e+00,-4.742837161967722537e+00
-3.840773480470656587e+00,1.554738085625070321e+00
-1.412447886599206726e+01,1.749780725465761133e+00
-1.363877150021840521e+02,2.506000527771814035e+00
-3.046484761036068534e+01,1.653087813314776611e+00
-5.330470217623359730e+01,1.913553042198560039e+00
-9.309624026987565060e+01,1.998678142722460693e+00
-1.450239211323429913e+02,2.155534682765984478e+00
-5.978578283843064156e+01,1.978345051415131950e+00
-1.092758014850735862e+02,2.068745303900688004e+00
-1.581618448401526678e+02,2.283459641914580729e+00
1.651166420410496105e+00,-2.703940500821704873e+01
1.661346241957327274e+00,-1.479840759485674440e+01
1.663657841310797858e+00,-1.098125860825448719e+01
1.590680724811019964e+00,-1.367048817100982383e+01
1.617783639717105260e+00,-2.435323102979208620e+00
1.482655331303279089e+00,-5.335220112356337197e+00
-4.328323778446662828e+00,1.450683454811886097e+00
-2.230578899174708951e+01,1.647759689950730744e+00
-2.431335524720887875e+01,1.728532885912186234e+00
-2.380489813578742826e+02,2.881379963152076673e+00
-4.177977369045952116e+01,1.956009052390067282e+00
-9.441773268679318676e+01,1.971338170057060468e+00
-1.266758157096903261e+02,2.181784130261963384e+00
1.579697594458477461e+00,-2.436455872278361667e+01
1.600699412492323059e+00,-2.666389699680236092e+01
1.589320026123891560e+00,-1.937149822653448084e+01
1.557133616916227536e+00,-1.568175667659683015e+01
1.511172652313685472e+00,-9.473018959142253337e+00
-7.247011157651859214e-01,1.547937207237655599e+00
-3.029040040149931112e+00,1.649846714720321517e+00
-1.625326935803547457e+01,1.504364277409227402e+00
-4.529539808732305062e+01,1.656370229795112614e+00
-1.645228430591259041e+02,2.869984434306488197e+00
-4.964126329790574488e+01,1.858881093597804846e+00
-8.521932522555913181e+01,1.990615272977407590e+00
-1.170754897807772466e+02,2.146282319244962267e+00
-1.231872039160007972e+02,2.077302576950974533e+00
-1.294361641478908496e+02,2.311568037619425642e+00
1.546965300782503050e+00,-4.795410644862952765e+00
1.487317173098809509e+00,-8.273193998323280951e+00
1.516037164971893114e+00,-1.036848861429236734e+01
1.468096413280635115e+00,-5.154630488877685046e-01
1.517380712116257913e+00,-2.825590647056819282e+00
-2.797201311535686408e+00,1.487792128221601562e+00
-1.846538553728605692e+01,1.862444125460601674e+00
-2.878772672441927583e+01,1.841144855120209645e+00
-4.294950336477064212e+01,1.962656740273920342e+00
-4.137663290623560641e+01,1.937380381164764742e+00
-2.121542513798368930e+02,3.045975659505864908e+00
-1.153913283174647546e+02,2.024372418203562063e+00
-1.397070644840783018e+02,2.229752045569991292e+00
1.596425884739935519e+00,-5.762388412801787929e+00
1.479424704912475130e+00,-6.035269475702943254e+00
6.704274975320708707e-01,1.510657199326241207e+00
7.483265980890672076e-01,1.255619243946327179e+00
1.785735982935086508e+00,-2.599796092733949404e+00
5.696854085502355280e-01,1.304627300607898333e+00
-1.016124364034604355e+01,1.576003159002504095e+00
-2.988421962862359038e+01,1.753223979207285677e+00
-5.887553859915232835e+01,1.961549933627028341e+00
-3.926682791839786546e+01,1.833598964941458354e+00
-2.011184265817891514e+02,3.042709756265716603e+00
-1.025746570054067206e+02,2.048325838734588178e+00
-1.372338470850725685e+02,2.212127315605782574e+00
-1.661369771282398915e+02,2.356270726159098050e+00
-4.333398458399678077e+00,1.655845597131584412e+00
-1.322597325096101173e+01,1.799255502670338736e+00
-1.078163471064329215e+01,1.672305872848655506e+00
-1.086508880933211252e+01,1.487835001122129075e+00
-2.985940775391996738e+01,1.658352933792326400e+00
-2.566046912976127103e+01,1.826947630744776063e+00
-4.808890790237232693e+01,1.799276777374966718e+00
-5.576783073725325579e+01,1.943619857357623992e+00
-7.331082236067267388e+01,1.993798836756113690e+00
-1.062627605511271867e+02,1.994221308591564767e+00
-1.001321789268415614e+02,2.073151589556499808e+00
-2.221808656188465250e+02,3.218243207175597753e+00
-1.651299163457331645e+02,2.300860639505268868e+00
-1.114786172624440269e-01,1.464154978397892215e+00
-2.154669371543256062e+01,1.782720821411091450e+00
-1.308951473183896752e+01,1.658418220173209612e+00
-1.776378620342843107e+01,1.671660315882743886e+00
-2.715925393426067913e+01,1.710304158291521937e+00
-3.026737208661871037e+01,1.707889030011243481e+00
-3.177954042641874821e+01,1.859692613266146433e+00
-5.666674132374000550e+01,1.888764138819166494e+00
-6.994153420386413700e+01,1.908006823209980052e+00
-8.966656097281546067e+01,1.999419335299648770e+00
-9.937148738113006630e+01,1.987093170984444379e+00
-2.320367538801301635e+02,3.170186963083130305e+00
-1.809166799361250355e+02,2.318336921857524935e+00
-6.150326044749763810e+01,1.817979193522068826e+00
-6.984765921139849354e+01,1.821598351762844903e+00
-7.893166086896579259e+01,1.919092061580994324e+00
-8.677578640962211409e+01,1.860651156104564885e+00
-7.694990200789921175e+01,1.966409333037704821e+00
-7.230957488228654029e+01,1.918745627329472070e+00
-8.061854834582800322e+01,1.997691062215192881e+00
-1.199366409844322447e+02,2.032724149341871289e+00
-1.160386194283432246e+02,2.127825987700620480e+00
-1.255740057350100614e+02,2.195568810488954803e+00
-1.388179402734955090e+02,2.178243750559517800e+00
-1.898669628761447541e+02,2.312936944152236940e+00
-2.482976999478913740e+02,3.397319638733756086e+00
-7.633641611745761679e+01,1.873130132506165113e+00
-7.334667998530927946e+01,1.844234066477055123e+00
-7.970595144310200908e+01,1.961620462781854313e+00
-6.906253668990608219e+01,1.919645670800323112e+00
-6.959176266984457015e+01,1.868641683420523281e+00
-8.695901661638872326e+01,1.990791304936983197e+00
-8.830107381538707045e+01,1.991186446981440872e+00
-1.281958852796330746e+02,2.023810866442099066e+00
-1.426468040637762726e+02,2.126144155266736835e+00
-1.522686389964628120e+02,2.207184246589576126e+00
-1.594383941573051970e+02,2.231646520758810759e+00
-1.673739581408950130e+02,2.317419662177744755e+00
-3.403627317397632623e+02,3.317467510768713712e+00
1.641374496503462010e+00,-1.116142617012713600e+01
1.655249612828705974e+00,-8.922438896186699608e+00
1.600072572348096855e+00,-7.701183251288563625e+00
1.637523190915810334e+00,-1.387312088350619277e+01
1.651579804129978069e+00,-1.694841525525061243e+01
1.576195185318191250e+00,-1.182213234784973288e+01
1.562575683019335582e+00,-6.369493519896835210e+00
1.529662141438596690e+00,-2.666283669654395450e+00
-9.544895881489251721e+00,1.530152167078163705e+00
-6.604063392223327611e+00,1.470867869905035041e+00
-2.932792868665544717e+01,1.615025746015761099e+00
-6.591424672380557581e+01,1.956459564211388003e+00
-5.278153042041977017e+01,1.657727356283438480e+00
1.816969823927421679e+00,-3.800439905834028309e+01
1.724067471923121930e+00,-2.955300230782624027e+01
1.669830541776253563e+00,-2.740159671926417673e+01
1.789999087679602807e+00,-3.542058541826970242e+01
1.794840858260309258e+00,-3.981777619135425539e+01
1.703421210225212423e+00,-2.407080543022289731e+01
1.640078780659293800e+00,-2.441267641113283560e+01
1.635053177368754440e+00,-2.605651868388872572e+01
1.615939158021022726e+00,-2.491653901034113616e+01
1.646546123780725956e+00,-8.158582600160245946e+00
-5.988112690643887071e+00,1.523459645966817710e+00
-4.710928311085393716e+01,1.719715572985266228e+00
1.543080039205304343e+00,-3.058662080006892214e+00
1.562128416491796346e+00,6.138336391288243959e-02
1.564697770193065107e+00,-1.336431535659577285e+00
1.582131109720313233e+00,-6.510660980453406133e+00
1.581416892559467602e+00,-1.066994422089702788e+01
1.580699608930258737e+00,-1.073314256489799234e+01
1.490803920229169632e+00,6.172519439226767934e-01
8.928791190543350353e-01,1.207106465370946680e+00
-1.016969602087342750e+01,1.698466578941677074e+00
-3.823559032583592199e+01,1.829585135813440067e+00
-6.825557978138721182e+01,1.899127728035865603e+00
1.713726907198386495e+00,-2.947551093377231979e+01
-6.183215471224061588e+01,1.785667932917645473e+00
1.661434553710804840e+00,-1.462358727893996324e+01
1.673348004056292471e+00,-2.791324764808511461e+01
1.657273575936055066e+00,-1.416200850521705590e+01
1.746177746829150390e+00,-3.050750645279019935e+01
1.662939858459241638e+00,-2.890535660305432941e+01
1.666303084561643555e+00,-3.034446857703770917e+01
1.599790273179735101e+00,-3.012447617908592079e+01
1.559051169857290420e+00,-1.361671632544267219e+01
1.684286911737099102e+00,-5.086794830375635179e+00
-1.163156019593082391e+01,1.643465518707722284e+00
-4.544865563078799653e+01,1.793105214050269014e+00
-2.141852815612875105e+00,1.581646357226887512e+00
-5.635286291385362745e+00,1.605432872024282309e+00
-5.231297077653606076e-01,1.475620288423325155e+00
1.556205017908050436e+00,-7.445514333822595532e+00
1.533865551331444088e+00,-2.550869757367032697e+00
-7.253910628123558801e+00,1.525326528943149240e+00
-8.591409600266798341e-01,1.616292494929199908e+00
-8.566517886136118420e+00,1.445013132521985266e+00
-4.142831244056905149e+01,1.883615099539948323e+00
-9.448257116002130829e+01,1.987976351896720839e+00
1.831041773528360839e+00,-2.240618973940865644e+01
1.700024673095067440e+00,-1.894206794941263539e+01
-7.218034159453183918e+01,1.915211182999827288e+00
1.561572971407415134e+00,-6.845972862685622218e+00
1.596032877402243866e+00,-1.174896285007826080e+01
1.683427015546226757e+00,-2.759147916358721631e+01
1.657898753016229909e+00,-1.409904424460903627e+01
1.654852905173739286e+00,-2.140070882994022838e+01
1.561045903253148071e+00,-1.330644034953569133e+01
1.529920254787231926e+00,-5.833901562576007116e+00
1.498805983753712212e+00,-7.655525320082111840e+00
-1.875808134501896873e+01,1.572761430300700258e+00
-9.608503909665196829e+01,1.924253302857759529e+00
-5.267989385106273126e+00,1.599044644831685069e+00
-7.083596466939065195e+00,1.484933146000463555e+00
-8.149077398235856862e+00,1.540521543131571969e+00
-4.110261116599056130e+00,1.579411465089208377e+00
-1.026103517367606827e-02,1.572972003935057428e+00
-2.843001780056488403e+00,1.632633437434888091e+00
-2.314899241577198552e+01,1.870172335049752776e+00
-5.245093233973153701e+01,1.931203494530942866e+00
-6.920920740409178507e+01,1.994376913839900345e+00
1.713441058955384344e+00,-2.603287920814453216e+01
1.653664590492797570e+00,-1.761762022483205214e+01
1.608727578301847094e+00,-8.606932965150768666e+00
-1.151651086951786453e+02,1.969668919497088000e+00
1.558185213287400783e+00,-1.431537690457701961e+00
1.577896835787974350e+00,-4.268146213596134331e+00
1.615993644773723537e+00,-8.651888638802059717e+00
1.586453936506573514e+00,-1.852537806438574819e+01
1.624483083114437676e+00,-8.698421486850994810e+00
1.572751516254640602e+00,-1.111188048409667140e+01
1.469760596716866763e+00,-3.179397502205078219e+00
-1.576319280407263612e+01,1.525312273636929117e+00
-7.078598077298997282e+01,1.971294462944234827e+00
-1.307519579459609815e+01,1.483777135392295943e+00
-1.470299456299609631e+01,1.511976391868245617e+00
-1.589362325090406713e+01,1.492828979541765300e+00
-1.639498431324869543e+01,1.478195363708505239e+00
-5.705569443619427972e+00,1.580802665297837972e+00
-1.758094827547286698e+01,1.551087816800712282e+00
-4.205571655211062421e+01,1.952778291009499956e+00
-9.442951506645800919e+01,1.957914715223225688e+00
1.757724390699922257e+00,-2.637258219527808478e+01
1.664500505095242833e+00,-2.643525155240536861e+01
1.642407541326819098e+00,-1.719944460859638369e+01
1.552476404775545049e+00,-5.075716908199777500e+00
-1.140359781718429559e+02,2.109473130647795180e+00
1.045033200810566498e+00,1.096592248846097517e+00
1.545354719298053459e+00,-1.991028817480112068e+00
1.535638179914937895e+00,-5.201588501432592437e+00
1.543516260192279832e+00,-5.742278021325219584e+00
1.502718588350457463e+00,-5.519119485011913184e+00
-1.550739165583921553e+00,1.473019183791195008e+00
-3.682367381246174887e+01,1.862775832777756824e+00
-8.122175789585182315e+01,1.977379267189070422e+00
-2.293610981936610571e+01,1.519880043595644104e+00
-2.060649442110234375e+01,1.457850285155015690e+00
-1.291829201071681155e+01,1.604418981911435171e+00
-1.389090195275689155e+01,1.470535554054545946e+00
-2.643837998161129121e+01,1.694688055630570345e+00
-5.755682619115841447e+01,1.760030366852637584e+00
-1.219496651009912398e+02,2.018360105929478010e+00
1.833304948899687536e+00,-3.700128144866140900e+01
1.670043238002535402e+00,-2.081818223890648767e+01
1.663997590410861926e+00,-2.031507389797456042e+01
1.614764393602525994e+00,-7.306182818905234910e+00
1.328567660141721118e+00,6.522475497571130765e-01
-1.205833448144513653e+02,2.037911954706816076e+00
-1.659693078079904627e+00,1.556688802739622624e+00
-3.873530858835172896e+00,1.540357754483704822e+00
-4.114008229243416359e+00,1.621416458575791530e+00
1.487162318020639695e+00,-2.436293169641027490e+00
-1.935779472017058911e+00,1.544115172142055625e+00
-3.305192098419440327e+01,1.653156119139554736e+00
-9.233097091712168947e+01,1.980418619226022470e+00
-2.308087810960264719e+01,1.641790145077129504e+00
-2.231852471346316946e+01,1.482036019211839584e+00
-2.441619904507123451e+01,1.705943720396446039e+00
-3.078978764531924739e+01,1.865734653346288852e+00
-6.468104986069255347e+01,1.952972959669854403e+00
-1.196629437406332812e+02,2.083944810449923857e+00
1.767501542758908473e+00,-3.390488716354406762e+01
1.706682980259200733e+00,-4.495355789735543794e+01
1.643001104423732706e+00,-2.637997405457592848e+01
1.582703797221475250e+00,-4.606634875552111374e+00
1.586284137267955252e+00,-3.193284107373006719e+00
-8.405247047783817038e+00,1.554188479554556634e+00
-1.239220081880103663e+02,2.389143134925010514e+00
-1.130322027371380322e+01,1.473197318198615546e+00
-9.872383736556743727e+00,1.510572125565513124e+00
7.682456809056540381e-01,1.202397349024193929e+00
-8.176363713300240477e+00,1.764689231568240313e+00
-4.488186710591627104e+01,1.855941139527866435e+00
-7.884172456814913232e+01,1.959168975169403915e+00
-2.848964679767071928e+01,1.722257517647998615e+00
-2.573240232680380757e+01,1.873200965977455557e+00
-4.659949038694359302e+01,1.964940336075855276e+00
-8.711196628179234835e+01,1.997124765055179996e+00
-1.208151001646166804e+02,2.046692949566773390e+00
1.660351795718361112e+00,-3.992170038914404984e+01
1.630898136112276742e+00,-3.141808979936302393e+01
1.614871862930756352e+00,-2.607383634786263116e+01
1.583443038298116612e+00,-1.103230383072828857e+01
1.556255129266127968e+00,-1.194371976077170672e+01
-4.516897819232156053e+00,1.562311076284190081e+00
-3.514407599204267818e+00,1.509616942379810700e+00
-1.556942046694902899e+02,2.593101621488623998e+00
-1.477634192649197686e+01,1.469654050132467527e+00
-1.132870265740147175e+01,1.686093820444262370e+00
-2.566307913693634291e+01,1.821639195347904749e+00
-5.443822616708073525e+01,1.973301746858343142e+00
-1.213963466965076776e+02,1.999225110200429700e+00
-5.491222944846165888e+01,1.887673228750472054e+00
-6.055466409231072333e+01,1.900312590603326468e+00
-8.575827542341565390e+01,1.994584381163279518e+00
-1.315174779286983835e+02,2.150973674256864143e+00
1.636073435616091976e+00,-2.806255824880771854e+01
1.586506187076935470e+00,-1.356538808703738042e+01
1.657497455724171287e+00,-2.749387735482764938e+01
1.595858974160855981e+00,-1.514550078317080661e+01
1.617221159632540317e+00,-7.172706175194320188e+00
-8.433772807921164016e+00,1.473838889176394717e+00
-1.030334047237393591e+01,1.648373126849375536e+00
-1.701461878139813422e+01,1.628617347559419892e+00
-2.232770427049072737e+02,2.747876641051142599e+00
-2.725018703442747281e+01,1.583341537907494434e+00
-4.003448325032005073e+01,1.909781625921558756e+00
-7.787847664312754148e+01,1.951072572323202303e+00
-1.379998517283206922e+02,2.117923598650470751e+00
-5.548483102401691269e+01,1.985294864602922704e+00
-1.242003704750574400e+02,2.135188646958829040e+00
-1.165376067942830787e+02,2.260902003013439909e+00
1.583731024283395294e+00,-1.857781967367374421e+01
1.614695179265085212e+00,-1.703286767066601826e+01
1.559895882900247166e+00,-5.680966745643171834e+00
1.540580310658198782e+00,-9.810090442102973540e+00
1.556986748480376770e+00,-1.184642260780646339e+01
1.457116731237379170e+00,4.261274219515821110e-02
3.734741130763791772e-01,1.398100149214817511e+00
-7.162703069375851328e+00,1.535881521069341948e+00
-2.491777243780516926e+01,1.662091193506402220e+00
-1.849269826042846887e+02,2.873955237186267553e+00
-4.345230915925989024e+01,1.855567722150408105e+00
-6.797032684990824691e+01,1.996185277019566051e+00
-1.300609525744065991e+02,2.177206804028718246e+00
-1.220553124706352008e+02,2.112917581428962244e+00
-1.307332393580190342e+02,2.298937574965762121e+00
1.550402279858386745e+00,-8.256829135326096747e+00
1.589850454817831160e+00,-7.593340152234135942e+00
1.692134729514680025e+00,3.816384608139753443e-01
1.471609470758345584e+00,-7.099105363466196472e+00
6.430137990523289160e-01,1.301739047802626725e+00
1.669791381000872876e+00,-3.402848014432082735e+00
-2.332466025966497725e+01,1.851313472561968432e+00
-3.610308787660235907e+01,1.872240521285255976e+00
-3.347875686165146192e+01,1.843776883350690454e+00
-5.461000827038319727e+01,1.945247657665330365e+00
-1.932381325633094491e+02,2.865020063825132191e+00
-7.820592331327986813e+01,2.046965386492252570e+00
-1.440076482318681315e+02,2.222931681079413746e+00
-1.576439981411379279e+02,2.360592218972143108e+00
-5.209882110340571693e+00,1.440012042928212388e+00
-1.870464528878590826e+01,1.706765544372275123e+00
-1.705888963407349479e+01,1.503371482542539495e+00
-2.621300728112044709e+01,1.602347584506977229e+00
-2.974453070643655295e+01,1.586202546911522404e+00
-3.217877923327635870e+01,1.905396666515995596e+00
-3.325780439463254368e+01,1.881060761754516086e+00
-4.953257316180320657e+01,1.875869506094081096e+00
-7.893420368922390651e+01,1.977841921843931594e+00
-9.593020127258242269e+01,2.028796459564459198e+00
-1.061482020593081188e+02,2.007907653804876347e+00
-2.583412738848856520e+02,3.112918758843103095e+00
-1.679431120073702459e+02,2.316451855937312843e+00
-8.294555334806611313e+01,1.919686892219933272e+00
-6.009385999625288122e+01,1.816026682005337678e+00
-6.676093489756853216e+01,1.925367481142818304e+00
-9.072530606091116567e+01,1.966203670176247975e+00
-5.820426609447920185e+01,1.941655605437510701e+00
-1.003523085561237593e+02,1.990514752880972793e+00
-1.109518981073935606e+02,1.995321491432938021e+00
-1.096774329983658731e+02,1.999627258176593703e+00
-1.113792742963533016e+02,2.112466928496231855e+00
-1.400228504622889432e+02,2.174258445470229617e+00
-1.247316279367355065e+02,2.237685971713847088e+00
-1.538714795877533277e+02,2.275677005276590226e+00
-2.644140010891309771e+02,3.274771357765940749e+00
1.643938696210405892e+00,-1.374383743487571685e+01
1.612833475484128698e+00,-1.763414286726324320e+01
1.594366952749259214e+00,-8.384185375056544487e+00
1.606467306702982878e+00,-1.214148473197995592e+01
1.658406681590241849e+00,-1.293459640083239037e+01
1.524451250107593081e+00,-2.051518954493340985e+00
1.612484227972061479e+00,-1.426125524763254049e+01
1.234443298969227110e+00,8.165931023371867381e-01
-3.132365188889138174e+00,1.561256011966720703e+00
-8.405791183110554954e+00,1.496149735822698501e+00
-2.940474975113474443e+01,1.641654539394020729e+00
-7.483786836518109453e+01,1.965516464572666822e+00
6.347010696391687246e-01,1.473320941681942831e+00
-1.297495490173658617e+00,1.625519866096694743e+00
1.554791056410077976e+00,-8.860646367761123576e-01
1.638823884494227556e+00,-1.430181989551046762e+01
1.587794648372123030e+00,-1.299390592080679596e+01
1.572733640780360265e+00,-1.083166192118606475e+01
1.480749759753132055e+00,-4.956365773321337875e-01
-3.768901965829676848e-01,1.572392175081432031e+00
-1.056827544715843636e+01,1.457233724747651671e+00
-3.486635166683171150e+01,1.845588581202803891e+00
-9.968788136720910131e+01,1.961111959746208777e+00
-4.601019108956962533e+00,1.534435554897085163e+00
-1.852374504011218548e+01,1.512759598300246422e+00
-2.730448292000308808e+00,1.569935908271777647e+00
4.090922308745719160e-01,1.506575716402742016e+00
1.616662833482824801e+00,-2.712436385459847443e+00
-2.895391896413986199e+00,1.537321164339985113e+00
-1.449073134420659947e+01,1.700982590590111254e+00
-1.461873872791853124e+01,1.575368633997647150e+00
-3.583723553386334970e+01,1.757857518919681450e+00
-9.452529893515843185e+01,1.986857476118703891e+00
-2.317764255151444175e+01,1.486536441728168345e+00
-6.608115897512572445e+00,1.531208352225078340e+00
-1.536400928471358007e+01,1.488993773315779867e+00
-1.358822642418208027e+01,1.494574277768992321e+00
-2.634386388101311205e+00,1.543196843980543909e+00
-2.768655966609982588e+00,1.652149475549433699e+00
-1.549656777279673570e+01,1.613958306986800206e+00
-4.661898983923681783e+01,1.705885964454568304e+00
-8.291397620010974379e+01,1.976200725837846894e+00
-2.191087320688356499e+01,1.498280935069600694e+00
-1.499264134614548816e+01,1.473888477612282699e+00
-1.155258641197493574e+01,1.472510156929850211e+00
-8.817696948964425019e+00,1.471757006991359917e+00
-1.235996212208318745e+01,1.472498513334192349e+00
-1.799897225410347801e+01,1.772274982604885807e+00
-3.542711798375953691e+01,1.830163220652438083e+00
-8.695075456595691321e+01,1.968907316732315893e+00
-2.289413594830412890e+01,1.523333802551317007e+00
-2.105769173879755130e+01,1.595298820576913634e+00
-1.669248362525466689e+01,1.503123333966674080e+00
-1.631854246897072969e+01,1.696877032989715595e+00
-2.233403050734889206e+01,1.656005777975465554e+00
-5.542194808687295904e+01,1.845629048220912782e+00
-1.060081651588912450e+02,1.998613929820816315e+00
-3.370173145391274261e+01,1.656749413738545895e+00
-2.684968529343130328e+01,1.774830465020366788e+00
-2.321209588415148772e+01,1.649340256983699016e+00
-3.327391550680479781e+01,1.822972131388440831e+00
-6.372586939985137633e+01,1.877924989130020705e+00
-1.170677454234370458e+02,2.007940145239743401e+00
-4.375864573830695292e+01,1.781781182076439984e+00
-4.164586790267025407e+01,1.798219718300011483e+00
-4.174689735937760560e+01,1.862816474928727928e+00
-6.019880383074875141e+01,1.992504174936288397e+00
-1.083873713211906420e+02,1.994255727622938457e+00
-5.203750570265936659e+01,1.769072475825154811e+00
-6.433235086381185397e+01,1.991143904237844708e+00
-8.105437991385682039e+01,1.968485294454257684e+00
-1.449304519272059508e+02,2.231159262615745043e+00
-6.847455144539920013e+01,1.959516323730574383e+00
-9.705939406595672381e+01,2.088586583905946537e+00
-1.388296407551347329e+02,2.225539313731907498e+00
-1.118994884009494797e+02,2.160028488973491534e+00
-1.755913484598364676e+02,2.331799230590377636e+00
-1.614684153732179084e+02,2.375525897982396994e+00
